uLock,inf
Fei USD,5.743989297002372e-05
Wrapped Ether,0
Tribe,0.00014474874339498456
Wise Token,0.00012664365164027913
USD//C,0.0001314265298049122
Tether USD,0.00015560272780135165
Wrapped BTC,0.00023060511395556205
M2,0.0010425933317037561
OPES Finance,0.0008067428395293064
Uniswap,0.0002866910637919773
Frax,0.00046508096772868157
HK Monetary Token,0.000495960621208269
Dai Stablecoin,0.00039978441574817225
Wrapped MIR Token,0.006685476357660036
Wrapped UST Token,0.006236454442870354
ChainLink Token,0.0006070712410348733
Wrapped DogeCoin,0.0006786650950232342
DefiPulse Index,0.0007516596558616584
Maker,0.0008129325819652422
MT,0.19847789987645115
Acreage,0.19752361887933034
Hermez Network Token,0.000963747988095065
Aave Token,0.0010257035387439828
Rai Reflex Index,0.0010368259858068996
Wrapped ANATHA,0.0010384182289442379
DELTA.financial - deep DeFi derivatives,0.001108575964906322
Alchemist,0.00115942811450509
RootKit [Wrapped ETH],0.011786123006970683
RootKit,0.010503071757057114
HOPR Token,0.0018134739227662067
BarnBridge Governance Token,0.001635727076177318
CARD.STARTER,0.0016282342360796065
Tokenlon,0.0016969340570653912
Wrapped Mirror QQQ Token,0.007936288146737525
Frax Share,0.0021778919699499966
Wrapped Mirror TSLA Token,0.007955825435374209
Wrapped Mirror BABA Token,0.007959202457101355
Wrapped Mirror AAPL Token,0.007974839457205007
DAO Maker,0.001740577429387713
Wrapped Mirror NFLX Token,0.007990401183718632
Wrapped Mirror AMZN Token,0.007999299305510021
Wrapped Mirror TWTR Token,0.008011696892793907
Wrapped Mirror SLV Token,0.008033916416366083
TornadoCash,0.0018390412895428199
Wrapped Mirror GOOGL Token,0.008107589159067174
Wrapped Mirror MSFT Token,0.00811275398987732
Wrapped Mirror USO Token,0.008138858728045761
renBTC,0.0019469541057333117
Wrapped Mirror IAU Token,0.008211362341086215
Wrapped Mirror VIXY Token,0.008215343930828567
Xi Transfer Coin,0.002079211386131874
Evn Token,0.0021696319438717637
Rally,0.0022072957049772413
SAND,0.002295613806268193
Ampleforth,0.0023369489947526745
Orion Protocol,0.002470288908909879
PolkastarterToken,0.002533640668929138
Finiko,0.0027410366154185795
Gnosis Token,0.0027117328412771258
Compound,0.0028951818156031095
GOVI,0.003018108607989234
Wootrade Network,0.003259639610035947
10Set Token,0.003281963338679361
HEX,0.003542391956557367
Lympo Market Token,0.0834233379992213
Lympo tokens,0.07995227944732619
Dogecoin,0.003650997638573017
Matic Token,0.003717022470766551
UnFederalReserveToken,0.0037713815476934087
WAX Economic Token,0.003798244590370814
PoolTogether,0.0038077090285071336
Rena,0.0038176970101346797
Oiler,0.003959918995803946
Sheesha Finance,0.003982685903821448
SuperFarm,0.0040189349374202266
RAMP DEFI,0.004100144461773425
DOGE KILLER,0.00421853391321747
ETH 2x Flexible Leverage Index,0.004301972177245261
DEUS,0.02124219341959588
DEA,0.025647532624446967
MCDEX Token,0.004408024367705821
Bond Appetite USD,0.004670343299522983
DeGate Token,0.004706259382999178
Wrapped CRES,0.0048047129973269875
Basic Attention Token,0.004840967643872318
Badger,0.0051311331580450315
KEEP Token,0.005039017643667876
FEGtoken,0.005123062670463696
Nahmii,0.00513505023621974
Perpetual,0.005166649302736914
BSG,0.005173505533321077
Dogelon,0.005322792758988726
Binance Wrapped BTC,0.005363222998397532
ROOK,0.005403761061216983
Chain Games,0.005410973749292225
Pinakion,0.005442173333278788
Origin Dollar,0.005612805311983493
TrustSwap Token,0.0054684465438015195
Coin Utility Token,0.005520930225770826
Radicle,0.005746632094741244
FARM Reward Token,0.005708665217326825
CHARLI3,0.005758096503882371
@EthernityChain $ERN Token,0.005769674139600056
stakedETH,0.005785398064176661
renFIL,0.005883368232275643
Robo Token,0.005949014462515834
STAKE,0.005949125146315737
KIRA Network,0.005955445414969063
XFIT,0.006125323578999087
SHIBA INU,0.006146575242013341
Zks,0.006342957002686944
yearn.finance,0.006295238554059779
Non-Fungible Yearn,0.006317447744208948
POW ETH-1.8W/M,0.006530286008285202
Furucombo,0.006428386294459187
Shopping.io,0.006508902625370183
Armor NXM,0.006666560166479485
CyberFi Token,0.006684978660075558
VISOR,0.00669671003043959
Pundi X Token,0.00672821152042502
Bifrost,0.007020566919777593
Audius,0.007030083414974797
Celsius,0.007123429878959087
VesperToken,0.007144552384829694
DEFI Top 5 Tokens Index,0.007148640207361723
STASIS EURS Token,0.007316600146566543
E-RADIX,0.007376835784214109
Futureswap Token,0.00728889541298372
Amp,0.007329095004536157
RocketFuel,0.0073294611514711505
Curve DAO Token,0.007330398646899994
Yield,0.00734553003329097
Concentrated Voting Power,0.007346312744687111
SIREN,0.007411530232900532
XIO Network,0.007415440427138265
EthereumMax,0.2002947771409822
Axion,0.007517484607433289
Mettalex,0.011236419937745268
Fetch,0.01880995769073479
APY Governance Token,0.007652496068089931
Unistake,0.0076958407961171815
dego.finance,0.007847162204967617
BankSocial,0.007853120281396286
yAxis V2,0.00790645744822882
YfDAI.finance,0.008198900629309946
Ankr ETH,0.008439568931976282
Swapfolio,0.008538790832204768
GET,0.008572351957440105
InsurAce,0.008727267954725448
Wrapped Celo,0.008607258920932281
OriginToken,0.008633365652599423
POW BTC-35W/T,0.008800988476338034
DLP Duck Token,0.008691155647113646
Armor,0.008727879045750342
WHALE,0.008740685654402114
SURF.Finance,0.00882565714721295
BDPToken,0.008869431667250183
Akita Inu,0.008895787971937352
Public Mint,0.008897256435062673
Dextrust,0.00900756253020063
Metaverse Index,0.009022397484756084
Paxos Gold,0.00908284480402699
Aragon Network Token,0.30400658936224545
Ethereum Push Notification Service,0.009178597525988152
Benchmark,0.009180152885136295
GeroWallet,0.00951597809179816
Xfinance,0.009567061345592265
Stake DAO Token,0.009743199019396798
Unslashed Finance Governance Token,0.009789407088106827
https://unimex.network/,0.00989810364703203
Bridge Mutual,0.009926980252203066
SKALE,0.009955387184021447
RND,0.2074582741303459
Lattice Token,0.00998376234412035
Cellframe Token,0.010035878767979511
Republic Token,0.010075490392836173
Rubic,0.01007603678169744
Whiteheart Token,0.010296501850831419
DEXTools,0.010445488300035777
DIAToken,0.010524959415249668
Robonomics,0.010566396795439914
TopBidder,0.010622368792041925
XCAD Token,0.010749623989710244
Coldstack,0.01090784931020039
BAC,0.01117846248334331
AllianceBlock Token,0.010808914662845837
RootKit ETH,0.02132162954765704
k21.kanon.art,0.010881652506327555
Muse,0.011035576940457759
OptionRoom Token,0.011088222355965627
Synthetix Network Token,0.01110023281495387
Davincij15 Token,0.011183929435446771
TrueUSD,0.011232573396256385
Cure Farm,0.011320316537961617
Decentraland MANA,0.011341867232317782
PickleToken,0.011361806674131003
Mask Network,0.011597444868073126
Truebit,0.011491975604087656
HORD Token,0.011545339803205934
Minds,0.011582006824937707
Kishu Inu,0.0116187509041481
Kirobo,0.011851912616776872
One Eth,0.0203410566784612
Archer DAO Governance Token,0.012062553742737236
Strong,0.012084744407417247
AirRaid.org,0.012116085807804211
Meta,0.012585367052736274
GraphLinq,0.012203426069930856
pTokens BTC,0.01222796386804248
cVault.finance,0.012259029828072698
xToken,0.012328921407174676
Moss Carbon Credit,0.012529950305349757
PAID Network,0.012520870663280448
COTI Token,0.012684194790949732
Golem Network Token,0.012906808145316973
POP!,0.012927816997063246
Digg,0.013293564257566004
Rocket Bunny,0.013098197364513453
Kokoswap Token,0.013140007794788744
UniCrypt,0.0253014803536189
Rio Fuel Token,0.013423160041668325
Spice,0.013423767240254847
Ocean Token,0.031309375742097245
SuperBid,0.013976263819046153
Aurox Token,0.013989304372216793
ZEN Exchange Token,0.014010049339674424
Blank Token,0.01405853691755965
Deeper Network,0.014247600265008487
unification.com/xfund,0.014148129491331929
Kine Governance Token,0.014325102759528363
UniBright,0.014365456766938678
UNION Protocol Governance Token,0.014399443749027796
Finxflo,0.014441247267484414
UniLend Finance Token,0.014453965065541752
O3 Swap Token,0.014744790193759627
LGCY Network,0.014739216494632501
DAOfi,0.014761807292842377
BaoToken,0.014821547028304849
Vidya,0.015000807286725149
Nexo,0.01501711433240871
Tadpole,0.015142333177465161
UniWhales.io,0.015230199627410457
Unilayer,0.015261821151113963
Bird.Money,0.015396631548327377
Mission Fund,0.016304690742032335
Cyclone Protocol,0.015543582687513435
Bidao,0.015544136615034176
Swipe,0.015556327784338464
NOBUNAGA,0.015722255639218474
Enjin Coin,0.015622420571304474
Lead Token,0.030651834653383503
DuckDaoDime,0.021360266429155672
SmartKey,0.015804659958945422
SushiToken,0.0159717063218352
Fractal Protocol Token,0.016038330327546646
Kyber Network Crystal,0.016091603412405675
PUSSY token,0.016092529185527837
Nodeseeds.com Token,0.016126946281161736
LoopringCoin V2,0.016137957135725856
Vaults.finance,0.016205831166075768
Cardstack,0.016293265855466643
ZeroSwapToken,0.016352424418414557
chads.vc,0.01639812716385336
PILLAR,0.016500152029408355
Graph Token,0.016778166702380304
Verox,0.016654486768942434
tBTC,0.016681740482113128
Balancer,0.016747787644504797
Digital Antares Dollar,0.016947671486775562
NOIA Token,0.01679756154101142
UniTrade,0.016807185075492725
ScifiToken,0.016952670381698454
QuiverX,0.016825514005148534
Binance USD,0.01717456382692717
dForce,0.017122429272603767
Everest ID,0.017136690395034293
IceToken,0.017205521797166057
Terra Virtua Kolect,0.01724691919690713
World Token,0.017321090316130494
Carbon,0.017409781717503847
DeFiYieldProtocol,0.017575832421641735
Jupiter,0.017521560471976727
SHIBASWAP,0.017563694074311798
A2DAO Token,0.017643657312191863
BOND,0.0176898501150049
LOX SOCIETY,0.017727680914589428
Injective Token,0.017789116080820122
Monavale,0.017789610499960418
1INCH Token,0.01794986923863462
Kylin Network,0.018051274951773166
Wrapped LUNA Token,0.018054436990212253
THORChain ETH.RUNE,0.01811809036161094
BiFi,0.01814847842328504
NIX Bridge Token,0.018152343944990434
xSigma,0.018185178115231793
FalconSwap Token,0.01822741533007388
Wrapped OMI Token,0.018273569499996256
Modefi,0.0182975624556434
hoge.finance,0.01834774852440546
Request Token,0.018357573630254365
Sav3Token,0.018384845263625493
MANTRA DAO,0.01845290418015111
Parsiq Token,0.01849696511740717
GainSwap,0.018541431473607872
The Tokenized Bitcoin,0.01855138664271294
BASv2,0.019019887711095862
Rari Governance Token,0.01867388732262043
Panvala pan,0.018675232151110777
Gold Hoe One,0.018720256580394334
decentral.games,0.01886996499331417
LUKSO Token,0.019008049571056063
Secure Pad,0.01907713707251446
Ethereum Pro,0.019297014779482424
Finswap,0.019444741652023367
Crowns,0.019451436018670165
Stacy,0.019461476419166956
Shyft [ Byfrost ],0.019711251181320222
SYNC,0.019747723944249174
yfu.finance,0.02059063321004828
Unit Protocol,0.019948814382985347
BarterTrade,0.01997548800113691
Launchpool token,0.019978219476911363
Realio Security Token,0.04188937996792674
Realio Network,0.021889412489230153
Orchid,0.02008950630806794
MEME,0.02010029623872356
Telcoin,0.02019821007016276
Sora Token,0.02021753702823048
Finance.Vote Token,0.020217846837823572
UNCL,0.020234043596985885
Stabilize Token,0.0204345563470838
Kuma Inu,0.020453247711373024
Dvision,0.020561885268961078
Maple Token,0.020922746262414194
Glitch,0.02080646010080045
Connect Financial,0.02091182565996519
Cryptocurrency Top 10 Tokens Index,0.020954515973699017
DEXTF Token,0.021096014828486886
CACHE Gold,0.02119025792481466
chiliZ,0.0213743961679711
ASTROELON,0.021252341996699897
TecraCoin,0.02141353437329485
OWL Token,0.021288938675326108
AdEx Network,0.02132428578417489
Raydium,0.02137385090603061
DxSale.Network,0.021470916914580584
GAMEE,0.021589783783809935
Wrapped TON Crystal,0.021845727615129817
SMARTCREDIT Token,0.0217465976870983
SparkPoint,0.02174927001610172
PEAKDEFI,0.021758050482418412
AI Network,0.02179699070688912
DegenVC,0.02187482052917744
pTokens LTC,0.021904166104832257
Hxro,0.021978388612211575
Frontier Token,0.022146171228797584
SafeEarth,0.022211447634390424
Zenfuse Trading Platform Token,0.022263349208117234
Geyser,0.022269856127905996
DAFI Token,0.02231876852795267
Fear NFTs,0.022523843116175613
Milf Token,0.022424317635596935
Direwolftoken.com,0.022443145860705727
Dollars,0.02252179213024874
Exeedme,0.022577701397096916
Monolith TKN,0.022614307278388424
pNetwork Token,0.022706923967518833
HYVE,0.022777365964742557
CryptoCart,0.022807234628800188
Seigniorage Shares,0.045389363152992246
Paypolitan Token,0.022932431865115177
DEGEN Index,0.02304240822152792
Cavapoo,0.023131475466698248
normalized Tether USD,0.0233159449864786
Rocket Pool,0.023326749514751555
Capsule Coin,0.023409576793227416
PolkaFoundry,0.023420387497935735
API3,0.023517980107072844
Reef.finance,0.023550458317828316
Starwire,0.02443842284972675
MUNCH Token,0.023634958109312265
EDDA,0.02366202604150658
VS,0.22111414545207708
Tsuki Inu,0.02369698320339353
XEND,0.023726992260520774
PYR Token,0.023832637707215554
Bitpower,0.023844788185613197
Zeus,0.023899432227466377
Askobar Network,0.02395323769667357
Rarible,0.023983680207749103
Warp Token,0.024016797372070187
DVD 2.0,0.024255699068532977
Deflect Protocol,0.024189926303193943
Dev,0.024210659004666013
Polkamon,0.02427364757713235
Jejudoge,0.024300591031789054
Shiba Inu Bone,0.02432759241412441
Darwinia Network Native Token,0.024339344236636862
YOP,0.024486372388992095
Standard,0.0245407775495039
ChainGuardians Governance Token,0.024548193630920423
Cryptokek.com,0.024590115770678267
Octopus Protocol,0.024629149210710466
Reserve Rights,0.02473514630710838
ROCKS,0.024794607022556647
Prosper,0.025032739626595912
Decentralized Insurance Protocol,0.024926320660995316
yfi.mobi,0.024947490915963044
Melon Token,0.02498505808432583
ENERGY,0.02539388957279698
DexKit,0.02549303298442851
USDFreeLiquidity,0.025773108072968398
Raze Network,0.025650793201208444
Gitcoin,0.025710718015204748
Hype.Bet,0.025753614656167656
Gemini dollar,0.026041470097311503
DFYN Token,0.02613993434320605
Vanilla Network,0.02615246773615354
YFIONE,0.02616674613736336
UnmarshalToken,0.02619606427433041
Decentralized Stable Asset,0.026205583385007003
SpaceX,0.026254892594181456
Fusion technology,0.02665416833443146
Fairum Community,0.026691862655525256
DePay,0.02733834755309772
Koji,0.027389381579752126
Nash Exchange Token,0.02740815396941798
Bounce Token,0.02740912203609014
Contribute DAO,0.37318977445679025
Contribute,0.3459539524339732
Bondly Token,0.027482401517005428
normalized Wrapped Ether,0.027483981731023732
SpaceChainV2,0.027737482827689064
Cook Token,0.027742480310337214
Teslafan,0.027777488287370034
Alpha Wolf,0.027802379536382205
PYLON,0.02787774941057819
Social Rocket,0.02794655970870963
GourmetGalaxy,0.028062582020396576
Energi,0.028092557491419257
Method,0.028139298068424523
BlackDragon Token,0.02851237904201298
pub.finance,0.028427988584240893
FARM_USDC,0.02869354171113514
Hypersign,0.03919636501115065
Bella,0.02857678222298432
OCC,0.028619601045249965
BasketCoin,0.028635305691722124
Star Foxx,0.028715861462245584
Hokkaidu Inu,0.02892179566524078
Metronome,0.02893094278513786
Curate,0.029069673133449214
Reputation,0.2999132445219459
Bezoge Earth,0.029149374484859436
SportX,0.02916575511179076
dfohub,0.029239128116756774
Umbrella,0.029320276828656233
RFOX,0.029633949214996846
PLOT,0.02970952521005188
Cryptocurrencies.ai,0.029709767838369316
CoShi Inu,0.02977062498823102
Trend Token,0.02980726505015241
Mogul Stars,0.029857058211547383
Non-Fungible Token series,0.030065867249078337
Polkadex,0.0299183100119933
Gather,0.029947910242242415
REVV,0.030102669748146127
CryptoFranc,0.030115439759697438
MYX Network,0.030327919675272597
LTO Network Token,0.030391825158744723
mp4.social,0.03042004651385355
Polka City,0.030469938897908833
Quant,0.030851742482553846
Impermax,0.03085413806422821
CompliFi,0.030889523729115353
Decentr,0.030984512016573262
Ethereum Yield,0.031103391847466355
SwissBorg Token,0.03112839584130711
Autonio,0.031520637597452605
DefHold,0.03161029206233934
normalized Wrapped BTC,0.0318918539527715
EURxb,0.0318477470305254
PowerLedger,0.03172958527602532
Katalyo Token,0.031785523702836826
SolomonDefi,0.031822238130899905
FreewayToken,0.03202383072144244
renZEC,0.032051717087114184
oinfinance,0.032095895918644146
Oraichain Token,0.03210751067678075
GNYerc20,0.032128823974630905
Route,0.03215116570370924
PAD,0.03216837432441366
Energy Web Token Bridged,0.03219688227352435
88mph.app,0.03255513262365639
Wolves Of Wall Street,0.03263462547621998
Bounty Hunter DEX Token,0.03265592799590422
QANX Token,0.032679903914782926
Komet,0.03274397732624834
Unlock Discount Token,0.03323157466681437
Jigstack,0.033301379946721
ProStarter,0.03335819258100514
Wrapped Celo USD,0.03393136158265975
$Poolz Finance,0.03396147014052531
Decentralized Token,0.033963380513739594
Jindoge,0.03418762268717046
DDS.Store,0.03419184140125253
Uniqly,0.03430725107921262
refract,0.0344370245102823
high yeild,0.03476929923292005
Vision Token,0.03478399984828684
Tranche Finance,0.03481025435019092
Bistroo Token,0.03485164752049741
RM,0.23224142931692882
Tellor Tributes,0.11427493980346526
BondAppetit Governance,0.035284738330005894
bAlpha,0.035148707403294566
Elongate Deluxe,0.03516205838167252
Hegic,0.03519743209574244
Lith Token,0.03530140721645125
PowerTrade Fuel Token,0.03530265238086372
Mute.io,0.03533374351368934
Blockchain Adventurers Guild,0.03546444739532717
Cum Inu,0.03557275359580103
FrogDAO Dime,0.035749367962750966
OPEN Governance Token,0.035916730668247965
Cap,0.03597978086727949
MahaDAO,0.03605241675410298
Akropolis,0.036208023411631984
Digi,0.036147348479772745
Libera,0.03636612679807172
UniDex,0.03654767049724228
Zoo Token,0.03655033670008834
SpiderDAO Token,0.03677157645330453
Dick,0.03662136355430334
Antiample,0.036719024716376225
SNP Token,0.03706512556593111
0x Protocol Token,0.03691110572475509
Dexmex,0.036952779080564824
Papillon,0.0369978122297141
PUGLIFE,0.037037402024822086
StorjToken,0.03725491857449015
Bot Ocean,0.03733277863639728
Phala,0.03733640951500661
Fuse Token,0.03733812290434457
VersoView,0.03734728050400804
SXK,0.23501321351415072
Wrapped LEO,0.037848284093371376
Crypto20,0.03794128347186643
LessToken,0.03797063201881201
Pera Finance,0.03800440760909396
Future of Finance Fund,0.03801856703074691
Nyan V2,0.03823711821047482
FERA,0.03855310946445911
ChainSwap.com Governance Token,0.03858012603021166
ProphecyTOKEN,0.03871291523032028
VAIOT Token,0.03880220279057767
PolkaBridge,0.0698245031878173
Gasify,0.03913193916542923
iUPixel,0.03994769101808515
Wild Credit,0.03917958432242585
MMToken,0.039379153082990115
HYPE-Finance,0.039426944211754744
Maps.me Token,0.0395843967593521
NAOSToken,0.03958457702293572
Sentiment Token,0.0397379937423068
SharedStake Governance Token,0.03964985832635648
Kattana,0.03970409292449517
MCHCoin,0.039872329721760025
Neutrino USD,0.0752446766456103
copsfinance.com,0.04003039186136448
Zero.Exchange Token,0.04013176514902739
WhaleRoom,0.04021327804812813
Ethereum Stake,0.040235238661523454
KXUSD,0.040691172418746646
Trace Token,0.040337433841102666
Offshift,0.040653449319393076
IMPULSEVEN,0.040746951319221125
ORO Token,0.04081449011871996
Fantom Token,0.04087179539394015
Wrapped NXM,0.04112160332897474
Cryption Network,0.04116018567651736
SAITO,0.041163715869146245
TOWER,0.04135733037969658
SPACEX,0.22221213648109028
Base Protocol,0.04148887685215641
Antimatter.Finance Governance Token,0.04155353665177586
XBE,0.04171094297385025
MarginSwap,0.04178604582151024
Shadows Network,0.04174969327229405
Defi Factory Token,0.04176230373246881
SwapDEX,0.04188791648567758
Falcon,0.042006100973424054
Keep3rV1,0.042288352607045
CSP DAO,0.04237687290256531
Lendroid Support Token,0.04243350534991919
Somnium Space Cubes,0.04246489120373553
N3RD.FINANCE,0.042752310368001645
Gen Shards,0.042753050491626254
Friends With Benefits Pro,0.0428301272538647
OMGToken,0.04293050886323613
YearnSecure,0.043188292094868075
EnreachDAO,0.04345932653470186
Virtue Player Points,0.04352231518524263
DeFi Of Thrones,0.04356104805569316
DOVU,0.04359474813537645
XVIX,0.0437347869726068
MarsToken,0.04425195225968537
Meter Governance mapped by Meter.io,0.044400535129625496
Interest Bearing ETH,0.18903677184297862
AlphaToken,0.14476260322138046
Index,0.04448082688324462
OnX.finance,0.04460647611938384
Sanshu Inu,0.044633992317358206
Nimbus Governance Token,0.09963937159574243
Nimbus,0.05504425298943261
Lixir Token,0.0447210880711566
Auric Network,0.04483446277154712
Keanu Inu,0.044853069196904016
Oxygen Ecosystem Token,0.04491586260368763
KBTC,0.04554605599378192
Alpha5Token,0.0454703627597155
Bankroll Vault,0.04550203995287916
StaFi,0.19307463630389066
Marlin POND,0.04611789913306552
ALOHA,0.046174889502509586
DMScript,0.0464122567825882
Waifu,0.046443221146944325
TosDis,0.046555217925657644
Royale,0.04659880426649465
Bluzelle Token,0.0466639976308727
NFTLootBox.com,0.04670208197774173
Singularity Dao,0.046773196336999945
Give Global,0.04687567206491394
ShibaKen.Finance,0.04721472993915654
CRUST,0.04745828452922751
TRON,0.047572550611278075
B.Protocol,0.04759335818221189
BlockBank,0.04779584797861958
Absorber,0.04784564865215657
Mulan.Finance,0.048153503361589856
AstroTools.io,0.047998465071543706
Ki,0.04823035935902453
Red Panda,0.048203390005312485
Rainicorn,0.04850754707715055
Shield Finance Token,0.04851307666004345
BitTorrent,0.048546618000102626
IterationSyndicate,0.048548061629162476
NEXT,0.04862439396757168
DEFISocial,0.04865618208515343
UTU Coin,0.04867185582838829
uSTONKS Index Token June 2021,0.04886767367108291
ABYSS,0.04882643360761563
Soft Bitcoin,0.048918547865554274
Zin Finance,0.04893459532902966
NuCypher,0.04894004097582183
Spheroid,0.04908448239052632
Parachute,0.04913798064134767
American Shiba,0.04922128606747833
BitcashPay,0.04941765914310281
Dorayaki,0.04960273785363256
Shih Tzu,0.049504311714656524
Serum,0.04977868036723976
Yield Protocol,0.04981099773397091
PIKA,0.04986550424996494
MoonTools.io,0.04986841510722684
UNILAYERX,0.05006580198045185
Paralism-EPARA,0.050288339597869935
iEx.ec Network Token,0.050211975121754904
LABS Group,0.05021479410370944
Lendefi Token,0.05022284444200409
Decentralized Nations,0.05037725465990661
Donkey,0.05066161059838237
Nickel,0.05071633007781884
Orbs,0.050850445203366235
The Famous Token,0.05127020133281235
SDOG,0.05132867520143236
mp3,0.05151158786503629
Centaur Token,0.05151351259982562
Bancor Network Token,0.051618021258008184
Paint,0.051938890731463516
DIGITAL FITNESS,0.05195611387071608
Swapp Token,0.05210093731724896
HoloToken,0.05213136713044264
DOS Network Token,0.05215395613905116
GRID Token,0.05232356380790293
Hacker Federation,0.052506228351575146
DAO1,0.05281300480487516
HAPI,0.052778339246998485
UnoRe,0.05292191270498847
Black Kishu Inu,0.05302801222885023
MobiFi,0.05368531845866187
Xiotri,0.05377387230691966
Status Network Token,0.053996464405372535
Rentible,0.05417571716026259
coin_artist,0.054301497233808504
Labra,0.05434145712916916
Keep3r Stable Token,0.05444684973704739
DokiDokiFinance,0.05464240310672608
CudosToken,0.054740491504730926
Triiad,0.05494249599956902
Low Orbit Crypto Cannon,0.05526220428870943
Unido,0.05536493056055747
Charged Particles - IONX,0.055567222395922045
Chihua Token,0.055568413085921975
UmbriaToken,0.05568689461651388
PETRON PAY SECURITY TOKEN,0.055974565341557536
Playcent,0.05582574244149896
APYSwap,0.05594978045519383
ARTX Token,0.056047048595132765
Swiss Token,0.056309445841009165
SOCIETY OF GALACTIC EXPLORATION,0.05631941652731598
POLVEN,0.05672088318479496
Dexe,0.05678224205135507
DigitexFutures,0.056793060283297336
GalacticBlueIndex,0.056978269948132265
SatoPay,0.056849187092097964
Sora Validator Token,0.05699245204118597
Ferrum Network Token,0.1899332063428858
FRMx Token,0.2467792589460771
Huobi BTC,0.05740284173631949
Toshi Token,0.05718130060719773
POLKABASE,0.05742207432081159
Aidi Inu,0.057425775408432855
CircleEx,0.057441657835568094
PolkaCover,0.057617602601482076
Kambria Yield Tuning Engine,0.057720462377432113
GIVToken,0.05783339007754762
DAO Finance,0.058019666660896974
gameswap.org,0.05813656790633104
SafeSwap,0.058473826118472516
LUSD Stablecoin,0.058402286956265925
SoMee Advertising Token V2,0.05844771249843461
EthLend Token,0.05874001387613248
Habitat Token,0.05895301100471784
BitBot V1,0.05914692874131333
Unblocked Ledger Token,0.05924942472825023
FLEX Coin,0.05942545028230484
SafeBreastInu,0.05931680931570327
NKN,0.059485552909961825
Doge Treats,0.05937292490460777
Wrapped Mirror FB Token,0.06590874843897154
MASQ,0.05976032941529752
Synth sETH,0.059787088790272946
Ampleforth Governance,0.05998747923030123
Sperax,0.05993724133992373
FOAM Token,0.059999460646395164
NETVRK,0.06000119757979405
Nord Token,0.06000348549304135
NCDToken,0.06014662144974636
OddzToken,0.060216455891719534
Hakka Finance,0.0602853821832241
Morpheus.Network,0.060363097718834524
Unifty,0.06080560398075363
Ultra Token,0.06083018195559475
bns.finance,0.06085689280973838
BNS Token,0.060916179552521044
SakeToken,0.060930472241807365
Rocket Vault,0.061050990181797715
CLAIM,0.061528180248672015
Ethereum APEX,0.06112890051474551
Tixl Token,0.061178354890216724
Lossless Token,0.061179315651259
Gains,0.06132624685503174
ARC STABLEx,0.0614820533227487
Paxos Standard,0.061446408539950426
shroom.finance,0.06148773265931595
Signata,0.06158570352835113
Oracle Network Protocol,0.061616989602470085
Drops Ownership Power,0.06162097772184438
Sarcophagus,0.061672052865731075
TOPSWAP,0.06192146766869655
Synth sUSD,0.06204776673479273
YUANG COIN,0.062288305058075366
Octo.fi,0.06265392609594755
XMON,0.0625738538141718
PolkaRareToken,0.06264578331220605
BananoDOS,0.06273777145918302
DokiDokiAzuki,0.06297055636431992
Jarvis Reward Token,0.06307132287091122
unknown,0.21626635631682234
TRUST DAO,0.06317242683530822
Governor,0.06318908771316956
BonFi,0.06328831807499569
SnowSwap,0.06331073123334363
Proton,0.06331365042717607
Sienna (ERC20),0.06332885721937487
Nobrainer.Finance,0.06335967934302289
Konomi,0.06341567540752635
GeoDB Coin,0.06380392439788807
HuobiToken,0.06387345684930779
TornadoCORE,0.06388337653970666
CHONK,0.06397275990744333
Wrapped SCRT,0.06399887206967492
BitcoinVend,0.06421120441669359
10x.gg,0.06438068844892086
Nsure Network Token,0.06436621726348335
YFBitcoin,0.06450026753259408
WOLFYCOIN,0.06454106046740549
2GT_token,0.06464370445303302
Antique Zombie Shards,0.06488299023826016
Stater,0.06524023641352983
Crypto Excellence,0.06547047995292132
ARIANEE,0.06540022712528071
Meliora,0.06554668390975849
Passive Income Bot,0.06559561939937453
CTASK Token,0.06561035890328526
wMBX Token,0.06564070952575207
AXIA TOKEN (axiaprotocol.io),0.06564398848783526
Stacker Ventures Token,0.06595555155709576
Opacity,0.06601041871249436
DEXPRO,0.0660125455221987
DEXTF Opportunities,0.0871981903417236
Vether,0.06627937821730256
AMPnet APX Token,0.06647971924780904
SUKU,0.06657010111743489
Earnbase,0.06675039971892716
SimbaToken,0.06676485370488194
UNIFUND,0.06696290688918793
TINKU,0.06755551960199568
UniDexGas.com,0.06762656085419394
HUSD,0.06782990143159395
ORAO Network,0.0677147276172434
Multiplier,0.06789837473817784
BiffysLove,0.06803345624516055
QUGENDAN TOKEN,0.06824741415834978
Foresight,0.06810623495661616
Utrust Token,0.06825515623398815
Tidal Token,0.06843768601689248
Grumpy Cat,0.06845860269859827
MFI_ERC20,0.06860900326316255
Zoracles,0.06898760715026242
DSCVR,0.06902482046132263
deFIRE,0.06919124394178766
Auctus Token,0.06920980172856162
DVGToken,0.0693358483831048
ACoconut,0.06955380983563941
Morpher,0.06968794923807309
UniPower,0.06974859438716408
Rare Pepe,0.3373543642627226
XDEFI Governance Token,0.06994151357787359
RMPL,0.07001723499811874
ethart,0.07011639079070164
validator-Eth2,0.10999785366610126
SOAR.FI,0.0704113043078678
SWARM,0.07043684218436397
IoTeX Network,0.07050182810465344
Cornichon,0.07092545370585412
uGAS-JUN21 Token Expiring 30 Jun 2021,0.07062283798435942
Cream,0.07082557038077653
NFT Protocol,0.07085757213818056
MOAR Finance,0.07086098933717722
South African Tether,0.07108527368140471
xBTC,0.07112985755381374
Cliq,0.07117104772822813
Poker Chips,0.07161003177282055
Cryption Network Token,0.10806425928478802
ChangeNOW,0.07166523115446921
UniFi,0.07217570703599563
Geeq,0.07252242941436293
Trade Butler Bot,0.07268869683107937
Tokemon,0.07286579986200081
PrimeWhiteRockCompany,0.07293029405940388
EthermonToken,0.07295701058487225
AGA Token,0.13795050756010596
AGA Rewards,0.21101152833756487
Zeedex,0.0734208255829003
PowerIndex,0.07356523045194763
dogira.lol || dogira.eth.link,0.07358137244824547
YfTether.io,0.07379475529387491
Wrapped Gen 0,0.0739148342300382
Blockchain Cuties Universe Governance Token,0.0741904718936155
ZigCoin,0.0743885877698176
YFOS.finance,0.07477872353979365
CXN Network,0.07489326706459565
Mysterium,0.07506979723822838
Livepeer Token,0.07508758640216229
INVERSE,0.07510433665984806
Stone Token,0.07510703647713513
polkindex.finance,0.07514949150782968
Newscrypto,0.07518305217305965
Polkalokr,0.07523911865305877
StackOS,0.07543998313863653
Beyond Finance,0.07544746119509682
Tapmydata,0.07552913110404802
ISP,0.4133140563884581
WUMI,0.3375281774702614
Relite,0.07662419814027999
LedgerScore,0.07679821048208169
Generation of Yield,0.07706978492777239
Portion Token,0.07710882349999792
Combine.finance,0.07738308746448297
Revomon,0.07759171970283774
Wrapped OXEN,0.07780202335865738
Bulk Token,0.0778177586861375
Unilord,0.07792605637504835
froge.finance,0.07822039976935002
Equalizer,0.07823694636167033
BandToken,0.07833917097980247
VERA,0.0783907126238148
Senso Inu,0.07873688952935254
DODO bird,0.0788591055497534
NUX Peanut.trade,0.07891817280324176
Ares Protocol,0.0790137423129238
B.20,0.0792451165457635
Pazzy,0.07932018810728891
Energy Ledger,0.07959275927800036
Papa Shiba,0.07962334577752017
ShardingDAO,0.07963881428267428
Blind Boxes Token,0.07981998871181872
Pl^g Token,0.07985979733237514
Porkchop,0.07988498220368001
Interop.Finance,0.07989926820224014
Hedget,0.08013557595563725
DeFinity,0.08003114703348047
PRDZ Dex,0.08011353565072454
SafeMoon Inu,0.08017547984175621
DefiBids,0.08032315390028089
Monte.finance,0.08051406057276722
One Share,0.0891452992259758
Polkally,0.08078448481020928
LOCGame,0.0808739726927854
xDEF Finance,0.08088615975913171
Ethix,0.08120999030950316
Linear Token,0.08147531375388439
King Arthur,0.08143902193975805
NFTify,0.08144083260251023
Arteon,0.08149378948797903
Ripio Credit Network Token,0.08153045536096215
GasPay,0.08161608535797882
Vortex DeFi,0.08166754708574331
Empty Set Dollar,0.08194509649271708
MyFinance,0.08223465102443583
CURRYSWAP,0.08240753064214346
PieDAO DOUGH v2,0.08261050023423877
Lido DAO Token,0.08268969037965235
BLOCKv Token,0.08273445221030329
Wrapped Mirror COIN Token,0.08898906681829999
Dobermann,0.08282845047000365
Axie Infinity Shard,0.08284278755297692
TAMA EGG NiftyGotchi,0.08287580386567583
DYX Network,0.08309021170603614
UREEQA Token,0.08312051291858324
Pinknode Token,0.08329351556096753
NiiFiToken,0.0833435958820985
aleph.im v2,0.0838254517267103
Meridian Network,0.08387755849051359
Toy Inu Finance,0.08391083547397216
UnitedCrowd Token,0.08407470275756168
Minty Art,0.08418248676798612
Kine USD,0.08470127954072382
ApeHaven,0.0849173140166215
Savix,0.08507354309992365
Kenysians Network,0.0851854386036166
BF Token,0.08540952823901193
Lion Token,0.08566581585472477
0chain,0.0856809236240963
ARPA Token,0.08590646248552503
BetProtocolToken,0.08577253020962416
AuctionCoin,0.08594610358775867
TONToken,0.08609273830916209
KlonX,0.08635678613239861
ApingGames,0.08625453120691873
DGD,0.0863026438035206
1337,0.08631213929140813
BTSE Token,0.0865656771507588
HORSELON,0.08682481723874957
Font,0.08687308702735663
Miraqle Defi,0.08694830135041798
Dracula Token,0.0871138419221893
OpenDeFi,0.08715560605827477
ExNetwork Community Token,0.08741058470349117
Fundamenta,0.08769179783581649
Salt,0.0882860785289381
Butterfly Protocol Governance Token,0.08850589428308808
HuskyToken,0.08881208189612266
Pluton,0.08978398453780301
Sushiforth,0.08994987571523438
DeFi Omega,0.09004102878165554
Island,0.090043417305111
Everipedia IQ,0.09080073715369963
APE Punk,0.09036816036837081
Ethereum Supreme,0.09066709864677591
BTAP,0.09074059219037167
Tokenize Emblem,0.09074825504828254
ZeroUtility,0.09079281986396381
acrcash,0.288181801166445
RAC,0.09120644484610807
Morpheus Infrastructure Token,0.09125571099087892
FireStarter,0.09181753632870482
Fat Doge,0.09190882722472793
JeffToken,0.09195284887624666
TW33T Token,0.09200386626417867
BMTnetwork,0.09203042306512543
Darwinia Commitment Token,0.09249058907178664
Adventure,0.09260434328089673
maxmaximize,0.09279113269155914
MOchi MArket,0.09284378751198119
Tardigrades.Finance,0.09295826846212663
Franklin,0.09316585551536605
Token Prometeus Network,0.09329486303596468
COR Token,0.09333605260809463
DragonCoin,0.0935061587848054
SUP8EME Token,0.09356011743960835
digitalbits,0.0940232967312511
BlueWizard,0.09403165487606202
Robonomics Web Services :: V1,0.10461259199749406
TickTock Moon,0.09482837805023792
Compound Uniswap,0.0950452159896713
Taekwondo Access Credit,0.09521437539345357
Sakhalin Husky,0.09538875073570807
Julien,0.0955243382160802
Ara Token,0.09553488346858785
The Bitcoin Family,0.09563176743529311
YELD,0.09575140632171042
Wasder Token,0.09590564671972857
YMAX,0.09640936442403358
Hanzo Inu,0.09664135703403076
Work Quest Token,0.0967403879487847
Non-Fungible TOKE,0.09742897434125553
Digital Reserve Currency,0.09746890558798782
DCTDAO,0.097643726660948
NFT Platform Index,0.09780895999821837
Disbalancer,0.09812526476969197
Blend Token,0.09839549946445914
BLOCKCLOUT,0.09842733704309126
NodeRunners,0.09860934809475452
BIMToken,0.09894966324509369
Payship.org,0.0991457518629204
Tiger King,0.099366576464746
GGToken,0.09940605389007828
Kombai Inu,0.09976367340641445
DigiCol Token,0.09977805664624384
SporeFinance,0.09992759179357336
KelVpn Token,0.10001617927866846
Plasma,0.1004370845099345
Shine,0.10045242874267046
ethbox Token,0.10057069704976129
NanoCore,0.10073407282408198
Bitgear,0.10077093157568129
Blockchain Certified Data Token,0.10098640935856906
Voucher Ethereum,0.10101070030495407
Vox.Finance,0.10102935331596541
Sekuritance,0.10118931820497323
ALICE,0.10187536463800484
Avaluse,0.10192847003679617
SeedSwap Token,0.10194523727159321
Lair Ownership Rights,0.10220962166582126
GoldFarm,0.10287152355991225
ShibaElon,0.10322430802892768
Wilder,0.1035183966549198
AmericanHorror.Finance,0.10374768208507135
rcore.finance,0.10393156455006647
The Crypto Prophecies,0.10415567083137489
Collateral,0.10480829582340334
Cryptonovae,0.10502088914691399
YUAN,0.10522577366444352
UpBots,0.10524236288958377
Isha,0.1054619527088505
Rocket Coin,0.10591881820778326
Dynamic Set Dollar,0.10688327609688031
Bundles,0.10686192061666588
PicaArtMoney,0.10686253150015546
PeerEx Network,0.10690057623835969
Fog,0.10706447845726075
NFT INDEX,0.10739277615004994
DEOR,0.10741301497290578
SMTYToken,0.1074839091180877
YFIBusiness.Finance,0.10784797741524699
Corra,0.10801765907604022
unibot.cash,0.10805307284735477
XSTABLE.PROTOCOL,0.10810085238830425
Hotbit Token,0.10880040406195235
ShibaMax,0.1091844037214571
FOX,0.10924335201090685
Aqua Token,0.10928826245387313
ArGo Token,0.10963699850111652
Dogs Chip,0.11007968427202286
Wrapped BIND,0.1102421658446815
My DeFi Pet Token,0.11036816402847194
TRYfinance,0.11055295779050311
Apollo Share,0.11065582242380856
LAZARUS,0.11068245492859319
Ethanol,0.11088105777383817
Ankr Network,0.11121785723608468
EpiK Protocol,0.11142550908820681
Streamr DATAcoin,0.1113591150411537
HEGICTokenIOU Phase II,0.11160690217909064
Shiba Ramen,0.11161715884534829
Function X,0.11167499700573558
Lepricon,0.11173009873255069
Erotica,0.11178319269484405
T3Coin,0.111880521267409
FAANG Index,0.11194145566014413
Yfs.Finance,0.1123446130080481
CryptoMoonShots,0.11262771055550047
FEAST.finance,0.11266170271744613
decraft.finance,0.11273706089889401
TheArmada.eth.link,0.11283242751392208
Baby Shiba,0.11287304805631493
Gasgains,0.11296774856259617
Wakai Inu,0.11352902965694511
Polars,0.11354117164316335
INU,0.11406600229332753
SyntLayer,0.11428931648558205
TrustToken,0.11453146826374905
Shungite,0.11483896682233308
KittenFinance,0.11500062164168412
b-cube.ai Token,0.11558500724876808
dotmoovs,0.11621423121630414
Snoop Doge,0.11630024549376117
ULTRA,0.11685766151475718
DaDa,0.11724106475784879
Community Token,0.11718868594385867
Kawakami Inu,0.11736506956333415
Invictus Capital Token,0.11771180009279192
Starname,0.11780856561063047
St Bernard,0.11787763139386698
LYNC Network,0.11810942940749669
Clout Token,0.11825963689398122
Reptilian Coin (RPTC),0.11826256650510913
Polkazeck,0.11850859647833545
ShareToken,0.11860658942921987
Xeonbit Token,0.11869667050726207
CatnipV2,0.11870469968570774
DeFiWizard Token,0.11879672555960497
Sentivate,0.11884477241332547
keyTango Token,0.1188585506707227
LADZ,0.11977312739151103
LEVERAGE X,0.12006017256723567
Scammet,0.1201299249678982
Numeraire,0.12013356520509433
Yfilend,0.12015942860111295
Alpha Finance Lab,0.12020126319163182
Litentry,0.12029525839818689
yearn Curve.fi yDAI/yUSDC/yUSDT/yTUSD,0.12032413203368719
Outside the Box Coin,0.12084110094829725
Anti-Lockdown,0.12125690393739319
Rug Proof Token,0.12131756705664998
HeavensGate,0.12164651853657915
Leverj Gluon,0.12297769432848327
Pawtocol Network UPI Token,0.12324289500327268
CHOWCHOW.finance,0.12325126258917862
Hachiko Inu,0.1857302051546128
NFT WARS,0.12360347260150206
Totem Token,0.12373521215872074
Keep4r,0.12376446964705679
Oracle Top 5 Tokens Index,0.12418584343390648
Basix,0.12422219507053
$DIE,0.12425648593634264
Clash Token,0.12445249433980621
Jomon Shiba,0.12464147865239283
KEY,0.12480423629619963
cVault.finance/cBTC,0.1369410621761631
Axioms,0.12512042495558262
NIRVANA,0.12552813739759472
Kwikswap,0.12586637025154346
Media Licensing Token,0.12607077507078657
Wormhole.Finance,0.12614651330235915
Skull,0.12632235741315867
DeHive.finance,0.12633598289357906
GoMining Token,0.12660081450431449
GAME Credits,0.12677221703495434
GamyFi,0.12688722721890144
METAWHALE GOLD,0.12701045259757393
FastSwapToken,0.12709839893830122
AnRKey X,0.1271505357293563
Civitas Protocol,0.12726049087120828
HAN,0.12906060852418477
Liquid,0.12890580820581476
KumaDex Token,0.1291545580209572
DSLA,0.1294658804088158
Molten,0.12976904581452686
tsla.finance,0.12978704520941164
Chubby Inu,0.1301022319416063
YFLink,0.13042399004265803
Global DeFi,0.1305748645451672
Base.Fund,0.1308017075011776
Titan Token,0.13093438749780262
DOGG Token,0.13094773602063015
AtariToken,0.1310238225882756
Uniforth,0.1313061331590859
reflect.finance,0.13144480392040236
RageToken,0.13149823602520883
YVS.Finance,0.1316876303108927
Open Predict Token,0.13188803674950123
Arcona Distribution Contract,0.1319075856530958
PAMP.CC,0.13192075297453698
THUNDER,0.13239405112804548
erowan,0.13249751115674258
Yearn Land,0.13278173253368664
Folder Coin,0.1328176571674362
RARE.UNIQUE,0.13295466626203734
YFMoonshot,0.13312528380458843
Aegis,0.13332163427364208
YOINK,0.13335224191618522
Yearn bull,0.13343260434999138
MU DANK,0.1340261333248236
INFI,0.134120880296706
CurToken,0.13511766619762966
SAMURAI,0.13553529226376781
Universal Basic Income,0.13599716601945033
IMSWallet,0.1360392751903987
YEARN2.FINANCE,0.13632342455275648
Healthcare Administration Token,0.13644938942172757
Shinigami Inu,0.1370054248741326
SuniToken,0.13714694970266805
bZx Protocol Token,0.13730423105570821
Hashmasks,0.137424889722098
Statera,0.1810825292962761
Wrapped STA,0.318040861007745
Nova Mining Token,0.13776712014905002
Tacos,0.13781033797513942
Newspaper.finance,0.13791255779534595
OBORTECH,0.13838547107715726
Cat Token,0.13869737288916895
AAH,0.13877884990154143
SpacePenguin,0.13878309554579005
Seeds,0.13922307967601455
followswaps.com,0.13953963819835735
HOLDTOWIN,0.13954757024183095
Gains V2,0.14058198973333447
uDOO,0.1419587377823177
EVNY Token,0.14213040280856148
Shiba Taco,0.14229992137305203
BULLDOG,0.1423661215767993
dfinance,0.14241837688138048
passive.income,0.1431614820012328
FM Gallery,0.14381626541469927
SyncFab Smart Manufacturing Blockchain,0.14410528838328673
SHAKE token by SpaceSwap v2,0.14428499655210203
Lotto,0.1444956290081052
Wrapped Monero,0.14474531492763276
luckyinu,0.14514995352996607
HAL9K,0.1454394117573372
Iconiq Lab Token,0.1456533749616824
Wrapped XTZ,0.14615147640174087
Donut,0.14615751420899414
StarterPad,0.14630926151463086
Crowny Token,0.14642901027468724
Peach.Finance,0.14660392470543115
Peri Finance Token,0.14687063394694633
Behodler.io,0.14739530986338423
DBOT V1,0.1474029594031947
BSNcommunitynet,0.14764925938820284
Plethori,0.14804434326370597
Protocol Finance,0.1483841353144726
Kye,0.1496562852671559
Aluna,0.1496773785979144
Juggernaut DeFi,0.14977939838450993
Goofy Token,0.14988222173658983
Carbon GEMS,0.14996466231562522
Zytara USD,0.24375010083628013
Ethereum Bull,0.150227364209087
Large Cap,0.15026717916958887
Saitama Inu,0.15049935527528646
Olyseum,0.15053612054796872
UMA Voting Token v1,0.1511503189250618
Mozik Token,0.15144053325482787
ElonSafeDogeMoonTokyoInu,0.15171784086840034
Zoom Protocol,0.15184346178611463
SERGS,0.15188237269933325
Fission Cash,0.15214742181291285
Hoard Token,0.15219018034784426
DeFiat,0.15225712196959762
INSTAR,0.15346516543999655
Idavoll Network,0.15371960294780251
lien,0.15373107877871917
W3bPush,0.15388077457035365
Wrapped CHI,0.15402724594244432
Edcoin,0.15426585941210647
Golff.finance,0.15443124587244483
Definitex,0.15459975073761711
ziot,0.15491445390617287
Mcn Token,0.15575633114457332
LinkPool,0.15614945426810323
Sad Cat Token,0.15674419083831026
CRO,0.15739320782040522
OceanToken,0.15750445249531708
Flex Ungovernance Token,0.15772499521759187
Feyorra,0.158131330791349
Bitcoin Dominance (30 June 2021),0.15885769963813345
Kangal,0.15871151598230426
My≈çbu,0.15903225977308466
Trinity,0.15931538948314028
EM3DAO,0.1600356517371324
NFTMart Token,0.16027872879678284
Connectico,0.16026542492517137
SakuraDeFi,0.16058454225816376
POLKAINSURE.FINANCE,0.1606235594800296
yAxis,0.16063640272901125
Vitalik Buterin,0.16101445939864334
Wrapped Moon Cats,0.16163366401161738
uniswapcap,0.16184870365773918
AirSwap Token,0.1621289095485281
Catoshi,0.16216647489275715
Diffract Finance,0.16250924000073041
Showcase Token,0.16282080510362107
Y Financial,0.1628603361997989
Pirate Inu,0.1634519651503581
Global Cannabis Applications Corp,0.16354019094444538
Populous XBRL token,0.1641073926503509
Indexed,0.16429199952813178
NIUB,0.16467809785879695
NFTX,0.1651628154011462
TRODL,0.16540094373422676
Tribute,0.16557304317692
DEXTF SAFE FUND,0.18682221358403694
Scarcity,0.31284753872856186
Polkamarkets,0.16623711910236239
FTT,0.16641776952292275
Metis Token,0.16643292807353305
Dark Bundles,0.16654426747763296
AceD,0.1666831445999435
PRIA,0.16717105279093403
Musketeer,0.16736064646303817
Abel Network Token,0.1676719205365771
BUFFDOGE (buffdoge.online),0.16844463433710644
SMART TRADE NETWORKS 5,0.16855726488915934
Stadia,0.1690675649273885
Cheese,0.16920294611665554
DXY.FINANCE,0.16947811585606587
TeraBlock Token,0.16964310476873834
Growth,0.17010766122947985
dHEDGE Top Index,0.17035238092611849
KPop Culture Cion,0.17100253793313414
Malamute.Finance,0.1712939760651011
FireInu,0.17172746982578246
ChartEx,0.17177619765004692
Ternio,0.1718786559586647
Stable De-Fi,0.17206701621523735
OVR,0.17210356122518533
Hina Inu,0.1723159421790399
Burn,0.17235527899615022
DSBTC,0.17274816102695922
Oms,0.17313405748006971
Cyber Doge,0.17312176577789273
DEAPCOIN,0.17388012786705076
VideoCoin,0.17396252208243368
Pupper,0.17399855195233727
Spaghetti,0.17405440675699424
DokiDoki.Chainbinders,0.1741376212167154
Ymen.Finance,0.17499266232152877
MOST,0.17538954139837415
yfdot.finance,0.17530895294220272
Vision Network,0.17636994584853483
t.me/SOCHAD69 V2,0.17744637480763004
Compound Dai,0.1780629115585839
LGO Token,0.1780918440694279
XY Oracle,0.17809896122662394
RevolutionPopuli ERC20 Token,0.17836539163522502
MAXR,0.17911059563004983
SwftCoin,0.17924630171344802
yTSLA Finance,0.17933093652257526
TwoKeyEconomy,0.17936385655985987
Simba Inu,0.17944820775505832
MONEY PARTY,0.1795564894877657
Dark Matter Token,0.17996395552754052
KUSH.FINANCE,0.18092476584763517
defito.finance,0.2107288167796355
Uquid Coin,0.3920858108508014
Swag Token,0.18241125827927362
PhoenixDAO,0.18244273118776277
Nobu Inu,0.18270332068516382
Conservative blue-chips,0.20467297627828884
QUAI,0.18373080311749845
SocialFinance,0.18404176015013718
keisukeinu.finance,0.18423965118475394
Klee Kai,0.18469365463744225
B21 Token,0.18496957062677666
Buy-Sell,0.1854006006029465
Global Coin Research,0.18548357810936977
Block Duelers,0.18564523488822715
Tokenomy,0.1859872482963283
BIOP,0.18601849329328957
TOK,0.1861362218291447
DIAMOND HANDS,0.18622828626416776
dirty.finance,0.18669644627831872
erebus protocol,0.18688954450422557
Simplify,0.18732236969754013
Phoenix Fund,0.18769078353284385
Echo Token,0.18800588603929214
Mirror Finance,0.18832597892799186
Shill,0.18836779455099872
Farmed VC,0.18893907274198796
MeowDAO Governance Token,0.18909413710457557
Dolphin Protocol,0.1891684121466426
Berserk,0.1892936404768193
Gala,0.1893099631772941
TE-FOOD/TustChain,0.18959628687881036
ZenFinance,0.18962918206335644
DarkEnergyCrystals,0.19016866464482973
Penguin Party Fish,0.19093015028857963
SANtiment network token,0.1911622953885228
The DogeFather,0.19121807929400347
yfBETA,0.19138730231296108
Nectar,0.19147603013871617
ELA on Ethereum,0.19157171850829968
Yield Dollar UMA 21,0.1921380076998105
DeFiChain Token,0.19208824176101302
The 4th Pillar Token,0.19234593663662736
Tycoon Token,0.1925847801954319
Quickswap,0.1932661791998953
Evedo Token,0.19338262512806637
TradeStars TSX,0.19348442080541872
AlpaToken,0.19391773476226604
FUD.finance,0.19417591784127808
R34P,0.19432395855656637
Render Token,0.19438156449723465
WhiteWoolf.Network,0.19463972508427219
Inverse DAO,0.19469402511359135
Dcore,0.1948601403604755
AriesFinancial,0.1957129806736475
Raku Coin,0.19571945556126025
Sinelock,0.19612240650303647
apolo.finance,0.19676719715630497
Pepemon,0.19789461744792902
AC eXchange Token,0.19822308728916482
Crop Finance,0.19898601727950904
DeFiPIE Token,0.19984515939313496
Aeternalism,0.20006952395689837
Meteorite.network,0.2001014905503382
Value Network Token,0.2001898283676269
Home Coin,0.20070074230690693
Dextoken Governance,0.20195851859449476
unilock.network,0.20193483697539705
LIBERTAS,0.20200173978895464
KIMCHI.finance,0.20215736821145924
Neos Credits,0.2023642723481771
DoYourTip,0.202589414525022
YFOX.FINANCE,0.2029670000046906
Presearch,0.20319113200434913
Hive Project Token,0.2041639824078345
Marsan Exchange Token,0.20426376542170033
DXdao,0.20431989458666067
Small Love Potion,0.2053151225358647
Upfire,0.20542725058666633
ElenaUSD,0.2059149556972102
NFTDAO,0.20595167315406115
ELON NEURALINK Inu,0.20637498344331107
Finminity,0.20671052698108383
DefiDollar DAO,0.20693141782820135
EthDrain,0.20718691204351103
UNIFARM Token,0.20778163439410946
Themis,0.20786953532004304
Daxhund,0.20836885579001319
Value Set Dollar,0.2085190062749689
JustBet,0.2087802873617477
MerchDAO,0.20898625907739188
Enceladus Network,0.20916359703431908
Shiba Cloud,0.20987028277730246
moonday.finance,0.21094236617511797
Techno Viking,0.21135578758747897
PUMPANOMICS,0.2114478152147683
Super Yin Yang,0.21187472906592575
BitSong,0.21188269502061985
Momentum,0.21191197384735005
Bugg Inu,0.21227498270670253
Genitrust,0.21258003740649656
JUJU Token V2,0.21348108741298688
YFBurn,0.2136616773998412
Pteria,0.21379026560396142
asi.finance,0.21395809940537447
Menlo One,0.21416678124307964
MilkyWay Token by SpaceSwap v2,0.21416968475043063
secondy finance,0.21423968345106914
Banana.finance,0.21475219233713005
Coil,0.21476521821517736
TAIYAKI,0.21480844084732098
YFII.finance,0.2153534695382291
IKOMP,0.2156935551514323
Doge of Woof Street,0.21558812807083427
Yearn Gold Finance ,0.215769700660303
FintruX Network,0.21608727847694809
KiloAmple,0.21630124800108774
HAPY,0.21667736597729004
Ispolink Token,0.21706157469839127
YFPRO.FINANCE,0.21783817488156387
ZAP TOKEN,0.21940281257104743
McDonaldsCoin,0.2194749562403615
Cash Tech,0.2199656310586704
MOAP,0.2200690560770795
Unisocks Edition 0,0.220129562271552
ZeroCarbon,0.22023991120812525
Union Capital V2,0.2203144293757191
DMEX,0.2206098939363983
Space Akita,0.2214661122934274
Infinity Doge,0.22178098373510124
PolypuX,0.22298629546264692
AlgoVest,0.2230962315026943
Hedge Tech Governance,0.22331459421161526
EQUUSMiningToken,0.22334332859855976
EGG Protocol,0.2234049037070065
STONER DOGE,0.22454862219544225
CocktailBar,0.2253238766348602
BITTOKEN,0.2260063614643002
ProjectSenpai,0.2264538336842179
Bitcoin Uniswap,0.22656583102332206
Agoras Token,0.22657311272854486
Foundry Logistics Token,0.2268868357842848
DomRaiderToken,0.22730212815224604
Exedum,0.22744743133122824
UniCake Bot,0.22753572083286144
BBase.net,0.2277151782142539
Ethereum Emperor,0.227897968198306
Because should have put more in,0.2499123390010709
QuadrantProtocol,0.2297779201282708
MANDALA EXCHANGE TOKEN,0.23025284838652738
COLLAR: DOBE Defender,0.23152856695762125
ScortSwap,0.2315413849096899
Tsunami,0.23158425955784878
Mork,0.232456488222482
SpaceMonkey,0.2326890163444375
YFIEXCHANGE.FINANCE,0.23270023581241617
Roxe Cash,0.23399190990562602
Buffalo Finance,0.2345185890953303
Paralink Network,0.23582673241244834
dHedge DAO Token,0.2976047526225898
Decentralized Bitcoin,0.23591142574551327
FunFair,0.23614134183793567
Piranhas,0.23641125913334804
cVault.finance/FANNY,0.2489496559466886
MoonBeamCore,0.2380360182316963
Wrapped PSL,0.23834627024794486
Strudel BTC,0.2384369930993273
MATH Token,0.23845195791773222
BT.Finance,0.2396681154852729
METAWHALE BTC,0.2398948047631393
Wrapped OCT,0.2399123529028202
Elena Protocol,0.44507343611243755
Boson Token,0.24058124061136255
CoTrader,0.24073893412131042
Relevant,0.2414720825916845
American Akita,0.24151569105313797
Crypto puzzles,0.2426039954136172
Collective,0.24368928152370017
UPSTABLE.PROTOCOL,0.24400324768112114
Yearn Finance Passive Income,0.24420285357237503
Walnut.Finance,0.24434589301628762
Busy,0.24510915616366447
SafeBitcoin,0.24521494658782217
Aurax.network,0.24524016131593385
Wall Street Baby,0.24537620683662453
Cartesi Token,0.24543323969291464
Gold Standard,0.24584651341427843
StableUSD,0.24572620983110482
Dogemusk,0.24623240742104713
EthereumVortex,0.24674654156243037
CribnbERC20,0.2467575359492855
Phuture,0.27292000977254816
Polkadomain Token,0.24712660184354718
Jomon Inu,0.2476924098749862
MansionCash,0.24777837011168913
Atlantes Ink,0.2486037502970646
Robin Hood Token,0.24911441327128614
SATOPAY YIELD,0.24990894198950286
Angel,0.2500762735042201
Voyager,0.2508122326921125
 SPACE HOGE,0.25117551837752217
Linkbased,0.2518580732076714
EARN Network,0.25200807186652696
Fren.community,0.2525637677903205
NudesToken.com,0.2526592280563307
Martian Doge,0.2528103727426867
reflector.finance,0.25286001372231226
MuskRat,0.2530573504107565
Buccaneer V2,0.25306055888407286
Liquid staked Ether 2.0,0.25420048218143165
WhaleStreet $hrimp Token,0.25596283321215196
yearn finance kit,0.256253283333308
UBX,0.25645776855176905
8PAY Network,0.25646937276911785
RottenToken,0.25675254161674843
YEARNYFI.NETWORK,0.257042717911645
TurboSwap,0.2572757273523223
LQTY,0.25843092529686373
AdaMarkets,0.2587112330796799
YUP,0.2587534903659616
HuntToken,0.25888205701656375
PAPER token,0.25896088492325475
PWQ Finance,0.25937717125114546
Must,0.25958425491310777
Penguin Finance,0.25995186200688636
Tenet,0.2598448779776845
Authmen Token,0.2607102031370516
Tesla Inu,0.2610130764999212
Moon Pug,0.2616647270666874
Last Man Standing Game,0.2623471014771894
Wojak.farm,0.26237367920415977
YFE Money,0.26253024885198784
Aludra Network,0.2633717238728366
BitOfTrade,0.2637956884027517
GreenPower,0.2640286589701759
Fox Inu,0.2641169527467184
KeyFi Token,0.26426611272538025
MADToken,0.266763126271627
Pinky Promise Token,0.2676648053223687
FuzzyInu,0.26850759001592905
Atomic Wallet Token,0.26901302856896336
OnigiriToken,0.26933269420857187
orion.stargazeprotocol.com,0.269690952903602
Ruletka,0.27016780905353244
AlmostOne,0.270716898574193
Chi Gastoken by 1inch,0.2709829218852633
NEXE Token,0.27151446205195384
ThemisToken,0.2720667837384383
Zild Finance Coin,0.27248098645625873
EXRT,0.2725231186103372
StarShib,0.2725854809821726
AdEx Loyalty,0.27270614809955873
Reserve,0.27283198238666273
Mainframe Token,0.27306278633480474
UpSwing,0.2732599846055166
Dether,0.27331698273974325
Predictr,0.27378887127736107
Polkadoge,0.2740655510989427
Aavegotchi GHST Token,0.27408992888234707
DIV Token 2,0.27431605852282814
Pepedex,0.2743579284689588
Yearn Finance Center,0.27463423232063633
Stabinol Token,0.2751032370765927
AlphaDex,0.2758969962261233
Idle,0.2778538687527998
FreelaToken,0.27826777453228146
Corgi Inu,0.27877560124207434
reflect.max,0.2789266977652005
BITTO,0.2791475242365209
Wrapped Wagerr,0.2791797165558876
Wrapped Wish,0.2797432750040514
Predix Network,0.27985311976058824
Yeildfinance,0.2802159713930905
Previse,0.2806266246482494
MoonFuel,0.28070656210340417
Shiba Launch,0.2810140705302331
Synth USD,0.28161126537997916
Mixsome,0.2820298932440437
The Forms,0.2826499151507278
SUPER BASE,0.28286642163425313
LamboToken,0.28410049984734087
Nyan.finance,0.28439127289126986
TacoToken,0.2846184643490801
onG,0.2847936667772899
Investment Token,0.28519997255421004
Forge Finance,0.28548330991691273
Internet Node Token,0.28607449179287414
CBI Index 7,0.2861080043730624
PARADISE TOKEN,0.28634757460858395
Dogefather,0.2877128372745119
Bellevue Network,0.2884238590496011
Rupiah Token,0.28868290284106024
ADD,0.289507344487248
GMO JPY,0.29082143445580755
Measurable Data Token,0.29148659623456297
CAMI,0.2918470136713722
The Protector Roge,0.29241721288599365
Winnie Xi Pooh,0.29267051022321766
Dragon,0.2939136984776667
DIGIPHARM TOKEN,0.29410952700271764
The Nifty ONEz,0.29545149587173114
ORACLEBASE,0.29552520822414863
Pomeranian Inu,0.29665039843791874
YI12 STFinance,0.2970469997197256
BURNY.Finance,0.29708018753589727
Gigachad Kishu,0.2973209405983255
DOGZ,0.2982481786285405
prophet.finance,0.2983984963314015
UNI CHAT,0.2986681679338119
Kabosu.finance,0.29915448265145983
Testa,0.2994642555804603
Wings,0.29980966399492104
BurnXToken,0.30020811870835473
Consensus Finance,0.30052791860265415
CargoX Token,0.3008421493872788
DAOstack,0.30212567265411394
Brahma,0.30250402814129984
DEFLA,0.302529381337564
TheTokenNetwork,0.30280514659210667
Blue-Eyes White Doge,0.30284771598428506
dART Token,0.30297336691094756
StarBound,0.3031921325028293
Universe Finance,0.3037324536537369
MoonToken,0.3040196775907873
pcatv2.finance,0.3040512508979418
Sylo,0.3045332448114948
Yearn Finance Protocol,0.3050790260482472
1MILNFT,0.3051289498611993
Crust Storage Market,0.30559788955301315
YZZ,0.3060028317906358
xSTAKE.Finance,0.3065302428229586
Yield Farming Known as Ash,0.34304247802128884
WOOF.finance,0.30670353888018553
WICK FINANCE,0.3076204253292758
Dolphin Token,0.3076850914681586
Humpback.finance,0.3086320701916634
Laurium Gold,0.31863270280541656
StonkSwap Token,0.3097164674695705
Elon Night,0.31024746481202214
Guarded Ether,0.3103240843787489
reflectreflect.finance,0.31054699838858824
Nature Boy Inu,0.31079931307812103
EFFORCE IEO,0.3115042561188943
JoysToken,0.3120476397875791
ENEX.SPACE,0.31276005046194655
IG Gold,0.31294055568702106
Block Chain Little Sister,0.3130989989215891
BONKTOKEN,0.31313787300467766
GRPL,0.31352638182269743
reflect.all,0.31478396234831507
Weed Doge,0.3156510477147094
Adrenaline Token,0.31579479665791155
bBeta,0.317058679238869
YIIFI Protocol,0.31800134142628167
DOGE JUNKET,0.31865638494110726
LCX,0.31923094644091066
Fuel Finance,0.31955337438117226
YearnFinanceNetwork,0.3200296229016715
PriceCoin,0.3225203949072579
Cuban Coin,0.32352294447554186
JusDeFi,0.32385592376169825
Becho Token,0.32422590118926564
ELF Token,0.3253149292458204
Mutt Inu,0.3255848207612928
Bone,0.32596816989862987
Tigereum,0.32631431843401515
Doge-1 Inu,0.32652208175369424
GHOUL,0.32664587647843746
Spectre Group Fund,0.34806607180053106
Black Shiba,0.3271509707140865
Doge Cookies,0.32732399249019295
Hacken Token,0.3281096281046132
PNLToken,0.3281231700985643
Stobox Token,0.32858528588661784
ShibaMelon.com,0.3288528381801257
Cryptochrome,0.3289789721241334
ZSTABLE.PROTOCOL,0.32909224871499987
CUCK.Finance,0.32969956332965467
ESSENTIA,0.32986977904764103
LION,0.33018656479373476
1Step.finance,0.33028308809159057
Shadetech,0.33043987922187057
CryptoCurrency Index,0.3305914785887012
Keep3rV2,0.330775796033862
PUBLX,0.3312445946787932
Insula,0.3319920625966688
Dirham,0.33287462047823624
Defiville Island Token,0.33329930497970395
r3fi.finance,0.3334979862078171
New Guinea Singing Dog Inu,0.3353023503034649
SafeElon,0.33573397449669073
Arcade Token,0.3362769254103739
Kawanggawa,0.33638334805775116
yfarm.finance,0.33738025164274177
ACAB Token,0.33803219245345417
Eye of God,0.33806629843564906
Yin Yang,0.33816039234540085
Sparta.Finance,0.3387295975407767
Farming Bad,0.3403095833759835
Forefront,0.3405772049283087
BabyInu,0.34159196982608364
Vitalik IQ,0.34223183463419105
elonduck.finance,0.34270913999478125
Melalie,0.34291505845757797
BAEPAY,0.3431160475178956
Space Inu,0.3435069991090245
Percent IOU,0.34460997504999114
DEX Community,0.3446280233401353
Tollar,0.34582445682855223
Furbies,0.3455834460996243
Fireball,0.3460856149804954
SatoshiFinanceToken,0.34682751477490115
sfDOGE,0.3490994056584782
Alchemy,0.35037506784010475
CryptoPing,0.3518801460192833
NIGGA DeFi Token,0.3529685681576211
World Block Club Token,0.35397882333248276
EarnDefiCoin,0.35489066544266734
JBELFORT,0.3552718513749369
Baby Doge Coin,0.3554304036871372
YUI Token,0.355465316841304
Master Token,0.3559704089570914
Lion King,0.3562646946407426
Realio Network USD Stablecoin,0.37800054361179036
Shikokuaido,0.35656343657669254
DENT,0.35748236066203276
NasiToken,0.3581291473463182
Degov,0.3583018207505688
Boosted Finance,0.35860332340806167
douc.finance,0.35934979285107715
AutoBurn,0.3594103287011876
zHEGIC,0.3945415851572136
GOAT Coin,0.36036736331934094
ThiccDoge,0.36081505502701816
Pikachu,0.36101159615728307
YTHO,0.3614387051914605
newtonium.org,0.3617553828842972
Gempire.io,0.3631094977490079
YieldSpeculativeFinance,0.36355797818336555
BlackHole.BLACK Governance Token,0.3649230025893644
Meme Doge,0.36539746739939005
Vow,0.3658318315177098
Shiberus Inu,0.36629191319232746
UnirisToken,0.36673862065771345
Vibe Coin,0.36842472350414823
Swerve DAO Token,0.36904850742720896
Super Module Network One,0.36941154000970755
Strain,0.36959534409925254
OrbicularV2,0.37019689768555963
Siberian Husky,0.37057274611376556
Gold Tether,0.3708424054477746
yfi.pool,0.37133381179944536
YearnAgnostic,0.3720859788761004
DerivaDAO,0.372402149665902
WVBC,0.3726191905719247
